{"cameraMode":{"drawMode":0,"name":"Shaded","section":"Shading Mode"},"sceneLighting":false,"audioPlay":false,"sceneViewState":{"m_AlwaysRefresh":false,"showFog":true,"showSkybox":false,"showFlares":true,"showImageEffects":true,"showParticleSystems":true,"showVisualEffectGraphs":true,"m_FxEnabled":true},"in2DMode":false,"pivot":{"x":-0.07557493448257446,"y":0.5433284640312195,"z":0.47113123536109927},"rotation":{"x":0.06410842388868332,"y":0.7119098901748657,"z":-0.065541572868824,"w":0.6962820887565613},"size":2.7175486087799074,"orthographic":false}